accx,accy,accz
-0.281,0.3275,-0.8893
-0.36857898832684827,0.3822372568093385,-0.8815692607003891
-0.3589144455185748,0.44480472310454355,-0.9768821571606132
-0.3693322721878964,0.449119591636319,-0.8907371619133352
-0.37282505863956217,0.4373605942142299,-0.7150022673964035
-0.3551295302013423,0.39468590604026843,-0.5362013422818792
-0.3489612002791347,0.3780683298441498,-0.5597395208187951
-0.2816619613670134,0.38622095096582465,-0.6577848439821695
-0.286823118729097,0.3978019230769231,-0.7957332566889632
-0.31590718255216527,0.40851324315822585,-0.8895772360281011
-0.32837557044838045,0.44357983086006064,-0.9947881123344503
-0.25274264705882354,0.45275415224913496,-1.083307324106113
-0.05120677898514606,0.42642194197986244,-1.1801144153125311
0.017058587167854838,0.3673690861957226,-1.2132430330524953
0.009382473734479422,0.35408034861509075,-1.1936615568290352
-0.08340698647465206,0.3564522428724336,-1.053052943465992
-0.1331089422028353,0.3342728714034057,-0.8829310879959732
-0.11341391639871382,0.3008024823151125,-0.7420824308681672
-0.0935685192697769,0.22170776876267756,-0.6757901419878297
-0.08596945925361767,0.19290258948971822,-0.48402962680883477
-0.10681145524732917,0.18630965975401742,-0.3289595834455516
-0.07603261073475766,0.1772638874413757,-0.31332647212089626
-0.04334514274578585,0.15520119847997663,-0.3805285004384683
-0.132515994912933,0.1717639405204461,-0.4017028957151242
-0.184776976744186,0.2029946511627906,-0.3401912790697674
-0.17577223368931164,0.21834815579287442,-0.34150525890693717
-0.13213910987145291,0.18883505942275045,-0.36734336648071786
-0.0655068203467327,0.1490380453419699,-0.31395850638216805
-0.06254562582747758,0.10027703432121388,-0.2786144821264894
-0.09614175768351532,0.09710472440944885,-0.23345638811277647
-0.10527518315018315,0.10272227309727311,-0.19014403744403743
-0.11626151419558362,0.12472176656151422,-0.2104150368033649
-0.14609071143085528,0.1481036290967226,-0.216443309352518
-0.17893587404028033,0.1807,-0.19725427840213627
-0.1498742914979756,0.17013319838056673,-0.19290060728744948
-0.12535059902022597,0.13118473104719394,-0.2182400688752
-0.05909479200786115,0.05153648869963984,-0.07495610874549656
-0.027524792597319783,0.021979132099553343,-0.0036731971920868425
0.05571974789915953,0.011114285714285731,-0.012718487394958098
-0.06993895739910314,0.06673155829596412,-0.04525168161434978
-0.17829496250407567,0.12580871372676883,0.021649168568633886
-0.18984393864910035,0.1492273227804543,0.10460500442434388
-0.11469685076161105,0.13860816746098495,0.11196124661246612
-0.06563779904306234,0.06534916710969357,0.09706215665426196
0.06374550561797751,-0.010301966292134852,0.03592696629213478
0.032532401315789355,-0.012211842105263089,0.0034416940789473802
0.025821399176954835,0.01363827160493814,0.011662139917695514
-0.02482225988700566,0.08721178907721283,-0.024599510357815452
-0.02548439487881463,0.09463112972058943,-0.019263966502939024
-0.06595602196939965,0.07387295017653973,-0.09441704590035296
-0.043849511400651534,0.10470377850162871,-0.11361081433224747
0.017376679592388734,0.07242764000360724,-0.17594331319325446
0.019125221112696177,0.07088676176890157,-0.23826273894436512
-0.014804347826086972,0.06789565217391307,-0.234095652173913
-0.06436317474839902,0.11613252516010988,-0.18856646843549854
-0.09129804540967425,0.1499802369200395,-0.11905516288252706
-0.08701102941176436,0.14069705882352918,-0.19586176470588318
-0.04388177324440909,0.12662914868575914,-0.2709848646528055
-0.05522511495939694,0.11107132374523049,-0.22916374131689754
-0.07273003197984287,0.09781961430371172,-0.08826713828859388
-0.05404393030562695,0.07314847186518136,-0.06125418451870886
-0.036214843977836045,0.0725188198697385,-0.022002731602993965
-0.006872072513474145,0.06857476727094568,-0.021085252327290423
0.0477557576827976,0.060874055104203455,-0.1593213882020487
-0.010449412577748132,0.09164056668970295,-0.23484001382169925
-0.09868065024082999,0.12360908669877747,-0.1016766302334193
-0.1157720117330726,0.14433287704717673,-0.0307422879491567
-0.1063310168067226,0.12209440336134451,-0.04030862184873953
-0.043514332912253324,0.10905825478573486,-0.05153545816733087
-0.0020583109919552894,0.06202855227881976,-0.13684088471850087
0.03478300858805059,0.06618607442977179,-0.09953121248499305
-0.05215906623235559,0.09248338762214967,-0.024661790543875624
-0.12155064935064883,0.10840389610389602,0.016536363636363523
-0.1299403800475062,0.11707873029583239,-0.0068915281076799
-0.07274452008168837,0.12848611300204213,-0.06490034036759688
-0.036068539325842586,0.12893757022471902,-0.20675507958801576
-0.06799646913918167,0.12710284658546597,-0.18799768714930878
-0.09561584733783574,0.10690058112140732,-0.1348489869640333
-0.07138592536939647,0.10238650137741047,-0.14591121963436013
-0.005910109622411661,0.08319171741778318,-0.16897309683313033
0.044103843893264376,0.05864256494651468,-0.3199893146820266
-0.020404037814453165,0.11791439673129332,-0.30307886556641545
-0.07644179480262603,0.1643002068159338,-0.2832511734556247
-0.1211789035121878,0.17410975001946888,-0.3092773849388674
-0.14364187224097633,0.16939004154765,-0.2528620228512079
-0.08896066254150328,0.14470178840929676,-0.1546725701780864
-0.0063457436399218725,0.09008997064579272,-0.22236090998043062
0.033384995210310894,0.05720404946442567,-0.16089204040755897
-0.041117803227485566,0.060802151657123,-0.08701467985424265
-0.11101207205668909,0.09013665158371034,-0.04764314010074281
-0.047477799900447905,0.0839871279243404,-0.045212434046789665
-0.04403957097215888,0.06813495207667741,-0.12306515746234603
-0.06456894779551008,0.09753045712740069,-0.09384987827968612
-0.07969576271186429,0.11819902216427644,-0.09746029986962189
-0.07593808689558534,0.12459978976874565,-0.07662266993693034
-0.07345137334689703,0.07001905246330443,-0.06650603110013098
-0.06581481798715196,0.059999828693789975,-0.06523199143468958
-0.10160777338603426,0.10434291360813103,-0.06761761716544325
-0.07839529511677282,0.11396970700636941,-0.08477047133757934
-0.08895914010159758,0.12345264669071633,-0.15946183464624894
-0.08762609090909088,0.1311805454545455,-0.152639181818182
-0.1510366399024298,0.10594417115560548,-0.0842982925094019
-0.0891767771053441,0.07629152733613713,-0.030607785413888654
-0.06632276693352544,0.06324996851668607,-0.029579751731582157
-0.02728456375838905,0.07999809843400456,-0.061000063918184994
0.07737739922167555,0.06225370438358162,-0.10531895880754862
0.03099382217089918,0.04765587759815254,-0.1473901616628161
-0.13106693564656163,0.08125625378252999,-0.027065785757514157
-0.16729695507665787,0.10112097137343219,0.009241256566956558
-0.0728732750242948,0.09286770327178462,-0.007297959183674916
-0.0299544070340978,0.07670538280077191,-0.08332360068625402
-0.0161069462647451,0.06431005429694825,-0.026856843287773706
-0.05851625013181386,0.07695500369081527,-0.008061246440998579
-0.028973348783314,0.06953634256820818,-0.014557695143790534
-0.026349439229843702,0.06682739350180503,-0.07205180264741277
-0.07453403928266497,0.0766158155422717,-0.061727617421007464
-0.13582697150430756,0.09484758117958908,-0.010712425447316105
-0.07045188470066482,0.11095351071692541,0.002505617147080674
-0.10682180256718071,0.11036039338812446,-0.00929149505956232
-0.10901760187475637,0.09641275875537043,0.0024619450592371383
-0.050279041916167985,0.07806626746507003,-0.004385229540918129
-0.017769076504085175,0.04329977717256748,-0.07422015350334246
-0.018951706970127997,0.049038914854704324,-0.10542109327372473
-0.029766899366341002,0.04496628718719799,-0.07056267855224989
-0.06102221759644746,0.0769995836802666,0.016179211767971574
-0.09629760377111453,0.10444834359041491,0.09460269739426458
-0.05131361487037339,0.12015364421979455,0.031547171041904486
-0.06228936024965945,0.12367159157402008,-0.004790433001755531
-0.12553569794050282,0.12133522037608144,0.021980957118695202
-0.09640398584905652,0.08316757075471672,0.03074091981132057
-0.05321185377654283,0.0668610787563839,0.025874939521548252
0.031987552552552735,0.06315914414414416,0.08194165165165247
-0.006822095849130132,0.0533402449693787,0.07755191989890127
-0.026402079516305948,0.056801328325393925,0.036976841333821474
0.004620155118924685,0.05432313340227505,-0.04249463288521267
0.013002598366743116,0.06864929472903014,-0.14604127691166446
0.030174112963423916,0.09401468524508616,-0.144436840009952
-0.037319781553398046,0.10359842233009703,-0.15853580097087364
-0.015966711956521516,0.08044898097826081,-0.04641630434782533
0.03741307251908432,0.05115305343511418,0.07373311068702341
0.031174948902514956,0.04867871678663472,0.0465329956456049
-0.0009187562324359175,0.09273841900099722,0.005234258000181314
-0.08385356828193782,0.10221286343612332,0.0423364317180614
-0.0659018439716318,0.12449102330293826,0.09997777102330199
-0.042170218113275516,0.08854440355443899,0.12051782604793106
0.02523466585907439,0.06227786190187788,0.08276599030890477
0.0886165866063858,0.028909974569087716,-0.0382024018084193
0.0644309196407282,0.04501853588744906,-0.08467782370240842
0.0028838254964514212,0.09083743183455059,-0.05644954213396472
-0.0346153549600376,0.09655127409496944,-0.01846743770568877
-0.018068724279835132,0.09811332802336377,-0.015066958714987776
0.06336080682190919,0.07795227943588051,-0.1111352902591015
0.12061652386780922,0.061369441044471555,-0.14753855569155483
0.10039460987561265,0.06807776102525437,-0.1257673954014331
0.05113509056501749,0.07355250067585833,-0.021498864557988544
0.043035031847136765,0.06619171974522291,-0.028134182590234418
0.10157744966442957,0.06092626398210257,-0.06691158836689239
0.11378547432716167,0.034134987593052106,-0.06860673792708531
0.03565453642054926,0.06906832952399929,-0.01340876478187399
0.04280957729825607,0.09095365060597105,-0.016403428909252116
0.06771917278701196,0.08736594511016622,0.00827182064166988
0.07272756880733942,0.07947642201834867,-0.017234357798165813
0.037153445394671025,0.0969,-0.0060178708345608525
0.007538402061855544,0.10309455899198174,-0.011974541809852208
0.05089650393049389,0.07834805544062844,-0.13164938973934787
0.11479041916167701,0.065284697272122,-0.13484291417165534
0.11335574652413802,0.03379175574652353,-0.03498272898763166
0.1404885863399138,0.030492296346721102,0.019622407533469607
0.09809070464767673,0.07209370314842553,-0.07723073463268329
0.013741954302383091,0.11226524064171058,-0.10247846378220696
-0.014605790732874364,0.12315239002001854,-0.056032259167032895
0.04840711045727572,0.11666745126884895,-0.08479523108986121
0.11116902988683593,0.07757029693393962,-0.10174260566786004
0.12466839363241733,0.0639,-0.03046266280752634
0.0680357528250028,0.05483100885676483,0.02441504631986141
0.09970344387755041,0.05817028061224488,0.024738137755102158
0.13634040084388202,0.055360232067510576,-0.08574957805907274
0.10790842783505149,0.06592074742268046,-0.19929618556701043
0.1121226738934055,0.09618319783197835,-0.2835410569105683
0.06146755667506336,0.10241708816120909,-0.14497593954660007
0.024114786687513868,0.09665695778423049,-0.09649283002010267
0.03811247176316861,0.10630910712162636,-0.06266562834383456
0.1241950998948486,0.07281104100946328,-0.06072771819137837
0.22805399657785375,0.040622602460686025,-0.1602900268882911
0.1389254848188045,0.06047163565132235,-0.1876601958863854
0.024497345132743195,0.0976756179432409,-0.06623378089716195
-0.0497108263748921,0.14857388424992807,-0.10159124676072605
-0.01484054982817768,0.1211844215349368,-0.21826206714248056
0.10461246889687714,0.10758404755322065,-0.2625375449267349
0.1680707920792078,0.06860049504950444,-0.2223628712871276
0.21833368830636976,0.021806113045258823,-0.11778122056112941
0.22565440568338327,0.017273587106351386,-0.08104152263810831
0.17993123270552597,0.03543117022226139,-0.10188917254306817
0.0903318463444859,0.0785199504337049,-0.13607916445388568
-0.008226180257510608,0.1328217811158798,-0.07306427038626613
-0.023167744603424013,0.12644740716235206,-0.07417071375403196
-0.018784627932266634,0.10353296566723658,-0.10715577908963729
0.07750970107163005,0.05259244218838117,-0.13872724196277503
0.12451331621423332,0.041223881144534125,-0.16776969919295673
0.0986209583858764,0.043715813366960926,-0.1885221941992434
0.03630179977502847,0.07185343082114722,-0.2298989876265465
-0.008128445285397927,0.10567792494481296,-0.27520996531062836
0.022887575987841913,0.11717342325227978,-0.3422193389057743
0.016786204153075197,0.09859871907073002,-0.43238064285146016
0.053666660911601355,0.14556790400552413,-0.40397402451657577
0.008147085732313153,0.13315927123590185,-0.24676380629387148
-0.05544174035369753,0.10738159163987142,-0.11191905144694501
-0.06678190882297622,0.0845429861415948,-0.13272320812692043
-0.0008534465624713116,0.076051440961243,-0.06930597163248692
0.08740260226527899,0.053596274454741785,-0.03672550781615717
0.14111534804449227,-0.016010351632580022,-0.06719780229637701
0.12150455639933314,-0.0063510927949617674,-0.15242798666419702
0.05742489234997695,0.06779451213925809,-0.12162853870819973
0.006053876860622494,0.13745462787550722,-0.09050104871447974
-0.03400054513051761,0.146801614424992,-0.0170914875773137
-0.08125904950495075,0.12115140594059505,-0.020984871287127373
-0.05915797788309631,0.09831793048973136,-0.05563218799368101
-0.014769654289371836,0.07497093469910365,-0.08004891165172867
0.025821816386969475,0.052418657453109696,-0.10518015794669279
0.03778507759649784,0.0516495423796257,-0.14274635893354534
0.0420915446933075,0.07394619783511526,-0.18413924705562124
0.03019491381144878,0.06345767184507317,-0.1986658863588
0.03083924899418849,0.03995457308895814,-0.17494104604380806
-0.0050475653781809175,0.07535921458131556,-0.13161974993396136
-0.048149946902657774,0.10317169911504341,-0.066579610619468
-0.06089946156147261,0.07595578821417898,0.00568045169009776
-0.05058740886699596,0.06358444334975302,-0.014549004926110698
-0.04319042322300652,0.08641353771025415,-0.023701003798155842
-0.06257809330628927,0.0732828600405661,0.06213032454361293
-0.08934616977225657,0.0596715942028987,0.08127461697722566
-0.08534542993349423,0.07508144900241341,0.04930558530986887
-0.06931617266339087,0.08535231151265381,0.042976900723833505
-0.050913676306119184,0.054930132609043,0.026855008787346247
-0.025137184621545842,0.012427883460152124,0.005430136163395931
0.053897958630654115,-0.0033016349019961777,-0.14855009484237636
0.04987401704701759,0.10225600769865134,-0.11666004949133783
-0.11255187944173164,0.2544427005736767,-0.04441735593800886
-0.15909109506618443,0.11678327316485268,0.19768494785399482
-0.062169929564748615,-0.24372792125699588,0.26334789597254826
-0.09658132514709684,0.027378647565452177,0.09272684403512801
-0.051780283567619906,0.10450571982549621,-0.05695475036354748
-0.18582968449403534,0.14469443055021158,-0.013986090804156165
-0.2883378350691471,0.15662873484719092,0.04359574867679683
-0.12587598684210516,0.02987351973684202,0.12738026315789475
-0.1071923771810433,0.02153432124736976,-0.05795085385471894
-0.0016594928531043773,0.058071783897278725,-0.17520964225147442
-0.024369294894058514,0.05075475859673366,-0.2504297499131688
-0.10863365295391463,0.09733467367769992,-0.004645283018862946
-0.22520115646930855,0.11926863694771164,0.030494860136404154
-0.2706685734844384,0.15060296815974125,0.03182735204173405
-0.22576089090621254,0.16098256188314763,0.014503509790468473
-0.10372440795705519,0.11253432270287173,-0.10648490685191334
-0.03953331804631983,0.04978346709470302,-0.08637211648704496
-0.022555433070866326,0.034421469816271956,0.00843942257218003
-0.01583162996918907,0.017066573983617994,-0.02540773277222632
-0.013925209954541943,0.04160882964789314,-0.05393445565914181
-0.09125829806702647,0.07820446071142859,-0.07920305387166843
-0.11586245942801138,0.14220464204788993,-0.06238110723253132
-0.12208454136271937,0.16181932329660076,-0.07680060530808704
-0.07323374552887024,0.1128407460398566,-0.12537470618293314
-0.011393329380373553,0.05507275422472551,-0.12149276608360486
-0.0014464052287582441,0.026423529411764776,-0.030052941176471212
0.001377552046665835,0.016003087599316068,0.021238952026551013
0.0012199074529881757,0.028399576646647592,0.017333572905385418
-0.021634998200144195,0.05228898488120995,0.03019438444924378
-0.04765471520292178,0.06291870766330918,0.008217040702126276
-0.019622200852913618,0.07717779914708638,-0.005124960280961786
0.018153871062701457,0.06968893141006811,-0.15972805416543878
0.03239536163521916,0.056622431865828174,-0.18547366352201286
-0.022029354325939283,0.06457686019226397,-0.16801519188555109
-0.061725117256994956,0.06344148471615722,-0.0707705159307782
-0.08364090234750009,0.09734100706867908,0.018975914128631893
-0.05931264097283555,0.11992519368441655,0.046541433755025875
-0.036550275229357956,0.06870550458715619,0.005121834862385551
-0.03829914313389455,0.08144432605618077,-0.036259153565307935
-0.03461388106336113,0.08871876760743745,-0.007515253803205994
0.06980611167512853,0.05351504568527773,-0.03647124873096867
0.11842006969297429,0.021175494443398443,-0.27164200414390743
0.0793609756097544,0.05794146341463368,-0.2248804878048766
-0.03171999351911849,0.0701733959818535,-0.1511764355152302
-0.09628743158588962,0.08628782063963084,-0.07502031651829769
-0.030523636903877226,0.08032289407220307,0.032684875947110274
0.012187656135194552,0.0627034533431301,0.019803747244673084
0.10400948540706624,0.0744056451612903,0.07697818740399395
0.15950700960112402,0.052027445164312514,0.0546409179611278
0.13510896811540835,0.008149940273821071,-0.004659211614445529
0.07592329938900298,0.03299270875763688,0.008536089613034337
0.031128502007182843,0.053298573843228614,-0.013525512360026313
-0.00200101527750895,0.08539524269967119,-0.0021876619609363596
0.006759751838235563,0.08247402573529411,0.011541553308823409
-0.0007460053859958557,0.07827986983841986,0.028679308797126688
-0.049465768037237866,0.06612085919317233,0.05408304887509709
-0.016426657986111134,0.05386985243055556,0.025116093750000013
0.08353124422069266,0.051377550601048164,-0.022984793999794723
0.135854760406365,0.04900214870089037,-0.05118806976535115
0.14168872564675675,0.010934366017247442,-0.044531715106995544
0.07511560000000064,0.056123199999999124,-0.10142439999999946
0.025302329382917793,0.1238171230077647,-0.12737564364527992
-0.0002649837614409088,0.11220912311780357,-0.11706513138470587
0.016991189809902017,0.09801623082119047,-0.115759905432787
0.0404262474995946,0.07410865545764123,-0.03941580256257669
0.13262652180384063,0.0522478047328468,0.011115969638338642
0.1251957597800052,0.03668373103876545,0.029473325645346243
0.15494983670803486,0.04184039843239705,0.07720854016982427
0.1553792880258901,-0.0027451051779931804,0.07604741100323625
0.08239163849848505,0.004495356698097196,0.022978687066355603
0.03705988642230226,0.051950043021854686,-0.04577694889003602
0.059391073530986965,0.048223290163757676,-0.09822208070213269
0.09602978190918826,0.053256560600643474,-0.06631101179835555
0.09767627874564448,0.017370076655051966,-0.037341435540069835
0.11244975812024875,-0.017744584855366088,-0.13712405963076424
0.03827992510731846,0.037977230797331514,-0.03942972874235447
0.042974512601047926,0.07488811222063785,0.07121010936757183
0.09542951411383618,0.04749579824155517,-0.021194187875982484
0.04588614649681389,0.05504187898089245,-0.07139697452229304
-0.02724360304287685,0.06951982710926685,-0.013531051175657435
-0.04049673837612797,0.07068535739070081,0.06059042331714226
0.08540155469183731,0.02558234314269931,0.030172237645756758
0.10506400355082152,0.0010703062583218466,-0.0328903683976922
0.0851832386604494,0.012594785926239565,-0.006087884696906198
0.05562814640410907,0.04089739940068532,0.0024766374143831774
0.03151833906980849,0.06443806371900097,-0.03633044744506221
0.01809573542210375,0.0433850130548293,0.010243585726719488
0.02528239577013109,0.03984345150385733,-0.00507241050533076
0.023509090909089418,0.04880909090909159,-0.024563636363640153
0.012293206315469955,0.03545376499165007,-0.02629024593897024
0.041406500131937474,0.026450514557128508,0.013643900079162483
0.018003301413589072,0.014071171910624777,0.019793196534427827
-0.011539039577836172,0.03968564643799538,0.025515862796834717
-0.027790579173455888,0.04599533402458916,0.046880299214931066
0.0038535136037397815,0.04206725087631364,0.09476705057586736
-0.0036448433103716303,0.040386232657417254,0.10575237217425047
-0.020118694113263877,0.03402418964232498,0.08091094448584171
-0.021210485933503775,0.05025780051150881,0.08777868103763206
-0.0281,0.0397703844208404,0.15535743550834394
-0.04611389237975532,0.023176682280361134,0.17760730035416422
-0.05703615056818168,0.025492826704545432,0.1458456676136364
0.04941303342199624,0.004299190470683464,0.132187614201457
0.0652666217551427,0.02285277104104893,0.10676121440761677
0.048685619292489754,0.0334087773738809,0.06710550580725107
-0.006812561664401664,0.05463324515621607,-0.003946707657109239
-0.09891731409544949,0.11193607103218667,0.05983473917869092
-0.08940305831448521,0.09413834201986465,0.11842165404661202
-0.0389502615470225,0.054028313856427194,0.11870221480244836
0.0006604667065558522,0.019236498846055376,0.023029361483888164
0.05946564528512652,0.025891847560549956,0.027136036853493792
-0.00016339268244916494,0.017944257483858327,0.01957521033065938
-0.07693713190614232,0.05066148452837274,0.062482985883893435
-0.10571027886171154,0.05341767393166408,0.04879263348244054
-0.05560175515899167,0.0723891973268711,0.05251482705441789
-0.04263091612478395,0.07005314840727621,0.060141163881800914
-0.04599177350427353,0.053165811965811716,0.022908742877492595
-0.04073072677953415,0.029825591619118946,0.054970227293985596
-0.04801148798932433,0.017965647241992705,0.058041514679714704
-0.08183467625899309,0.04650863309352543,0.04627741007194251
-0.11842074265418229,0.07715451727478267,0.04753377462060039
-0.1671404834164318,0.1172755365272053,0.06116889226100098
-0.13941696411060822,0.10371659148852592,0.09460492253383188
-0.1364298793690064,0.10458928240024805,0.12122341478502931
-0.08410406766774597,0.1035699296711657,0.12084660710891536
-0.04507103048847385,0.13212566932575895,0.09864516446289817
-0.21838002879079413,0.08853299424185213,0.13957881957772308
-0.03963427991886417,-0.04887583309185697,0.5362794842074763
-0.052062013655576264,0.03633670748889207,0.45331213828980327
0.012722528634363052,-0.0789529339207065,0.23866832599118462
-0.09280830747348828,-0.04844520299974395,-0.051747672614423645
-0.1773214345188434,-0.004848102771503198,-0.21609357678124952
0.013746086320405748,-0.06563778346744747,-0.16008388807608062
0.07605404288049199,0.052539851937314086,-0.1726447360830692
-0.09250439095357794,0.2006849887581007,-0.3477022616056077
-0.1420270189771086,0.1868019232405751,-0.3265754574078794
-0.07614718153573227,0.11113182423435641,-0.33585814469596
-0.026991785323111,0.090529682365827,-0.2974222343921128
-0.0821383218888167,0.09072979964255469,-0.1124048066973907
-0.10491740187252417,0.07260279078141685,-0.005937135397907731
-0.08586626704493497,0.02852831518257567,0.09798169671455922
-0.026680517241378977,-0.032052068965517905,0.1621824137931037
0.0006975483262611901,-0.07531103253182465,0.1624833569071195
-0.0010861898211829927,-0.04815328748280587,0.13403193947730396
-0.06780271347248634,0.02204905123339699,0.1255807969639469
-0.183476469199909,0.07512466367713119,0.09583766816143441
-0.3376137895681155,0.1584190055107014,0.15548267333077043
-0.4443580632172347,0.20760297966579425,0.17906555264747323
-0.4167256633663344,0.18856114851484973,0.1875101584158418
-0.1747931293514141,0.09786561011359635,0.16514875412238952
-0.05084495114005022,0.0363019543973865,0.1536657980456039
0.07402121784281279,-0.038661600188812414,0.20173655888600336
0.09474994489345971,-0.014741036002937804,0.24732332843497457
0.08784190889370877,-0.020646073752710943,0.19153704989154116
0.06628204178788609,-0.0014393811161056529,0.1106116900290912
-0.019865340685306383,0.05592410397794282,0.05625309176841351
-0.1772062109760124,0.13494827472888687,0.11443205170336453
-0.2968894154370038,0.16338311577752543,0.15922937003405216
-0.11375817486860801,0.11352669851887204,0.09176483516483452
0.10309504788855188,0.0399866782760116,-0.01926347409664871
0.17092175303253304,0.0034756179262041727,-0.052142186469065585
0.1468817797663436,0.006267611235396402,-0.0309287347750435
0.08055850377740656,0.04122249861802199,-0.02021081628892709
-0.020576104715930313,0.07414733568510955,-0.0945531656145564
-0.03640817490494392,0.08464115969581776,-0.06285822771440551
-0.04865286063569654,0.08474889975550082,-0.02743310513447355
0.04369060546232271,0.07536280026324453,0.02652789568937145
0.09416775244299863,0.04794087947882703,-0.048422638436484894
0.1166954722354058,0.03567238728049361,-0.05527725676317041
0.08811862431873667,0.0077,0.04520973501221676
0.047359098766168735,0.012084037670619989,0.1252852178577809
0.02233364733727785,0.029554622485207314,0.1441308071005919
0.020917516356005018,0.04387779286507828,0.10413034193309333
0.037253506776140075,0.031417093678899985,0.01688101691561973
0.057857401518593234,0.04855772600428287,-0.04721081186319651
0.036427199999999535,0.07217239999999792,-0.06411020952380837
0.045485448916407704,0.08473622291021615,-0.12093034055727593
0.008508300238284347,0.055450489806724915,-0.1068936589886153
-0.028223448949680797,0.0544001465559341,-0.09667269174401295
-0.006558798283264472,0.09580156067108792,-0.11508536870854534
0.03169314649681467,0.09121267940551965,-0.08177130360934126
-0.006834489369118152,0.0948908243290345,-0.05673016730568146
0.04874344301843107,0.08521987841358633,-0.010439013799092886
0.0393275819609055,0.04923726335231648,-0.042287778974909866
0.07906648714003336,0.02949264673554549,-0.003057320290169571
0.10999132794596515,0.015260499336629707,0.054985550597033264
0.07189376744186057,-0.00043023255813967294,0.06420418604651175
0.07726953396968235,0.03235404828747623,0.06034028074115805
0.005746070959262468,0.10042996057818752,0.07832634253175624
-0.00472661372429249,0.11924585624109141,-0.014869283241702086
0.06483945480631245,0.10111979913916809,-0.10131549497847916
0.12270137622424818,0.051260536980750185,-0.11401447146234299
0.15766768483540333,0.013948008634646236,-0.16482716675661108
0.1499766872087766,0.006145723733655068,-0.141627761911917
0.09353031784841132,0.040235880195598775,-0.0821398533007339
0.04821107328435819,0.058149471420891975,-0.05580060920981873
-0.0008667239712057441,0.08146746534866299,-0.0801066509079198
-0.006719765940968939,0.09140948283280267,-0.10255317098356424
-0.0065149363433509465,0.0883221813886334,-0.09931050006562427
0.03129921004658507,0.09494113834312361,-0.05134727567348733
0.05050495828367174,0.08723666269368234,-0.03402541120381322
0.06749192219906838,0.0820120869306338,-0.02195572094869424
0.12916623683899214,0.006708990890807994,-0.03098566189518654
0.10546703711053819,0.006869994046437398,0.036885473308196366
0.06017840492014706,0.043721565320900456,-0.004741107033032265
0.007285444352158724,0.10709142441860607,-0.06160714285714544
-0.009193579072532614,0.1371796030366781,-0.11936034025427593
-0.01698733731284853,0.11675588609452961,-0.12054315490752489
-0.004922255141164771,0.09184986057859934,-0.06257645521087654
0.026517180817181796,0.07694257894257883,0.0014472563472577062
0.11525731699534054,0.022284906503286874,-0.059724034718232996
0.16401308593749972,0.016419140624999932,-0.10498148082386324
0.18777051526717622,0.012460877862595358,-0.1734792938931298
0.10617272977687679,0.0402290423285303,-0.15085517399687384
0.029516066550783926,0.06463084181773017,-0.07296273487294234
-0.008700191055757898,0.08504303000283076,-0.06836817860175484
0.08504483727970642,0.08628306843983277,-0.08372847875445931
0.09714102564102502,0.06172702169625269,-0.05924694280078657
0.0895448313938724,0.04868783657521392,-0.010650293043403276
0.16505694693438472,0.012369890641805145,0.020427680172105635
0.028247800393958727,-0.008564207156928799,-0.016936982928431307
0.06441657278648107,0.03850998063721212,0.006762964266853534
0.05942971014492983,0.054184057971014436,-0.05823804347826684
0.07334162822252388,0.04863014925373113,-0.09350333785617339
0.09827377707896442,0.04069161425576507,-0.032294374563245826
0.09295379772378669,0.028581217208812702,-0.03536170796674661
0.09368680532986716,-0.021284898710864548,-0.11015506445672256
0.13459731637187364,-0.004356696000696547,-0.13382721965670447
0.19736625338142416,-0.03309695671776374,-0.1768048016230834
0.13445804903586306,-0.01255635633888873,-0.21868638862228404
0.02172360614348194,0.029500357668842368,-0.1743993898590336
0.001984955752212296,0.08261084070796507,-0.11720191740412769
-0.05096827888917027,0.07090517430573143,-0.05243923356123911
-0.04710450134771063,0.06522490566037882,-0.015177924528305003
-0.01657991770283567,0.06587583862599516,0.05265027283299043
-0.009428111389731651,0.048491922924640225,0.10392155866438141
0.006374170138424399,0.03750220400483856,0.16057091788738123
-0.0044149476831091515,0.03612869955156953,0.1063766816143495
-0.08067623433651697,0.06586885509264562,0.08144560351290285
-0.10300711349077354,0.06567244478439621,0.06823287121139657
-0.031749458436642765,0.06145247292183214,0.03530989168732855
0.0053140520859047986,0.05615015428289311,0.007874839545791105
0.010717989417988889,0.062176043021945175,-0.01950945875618169
-0.11199353383458917,0.08633037593984996,-0.05687443609022355
-0.13573523335178023,0.08152867552112157,0.01334813687511469
-0.10259055982436976,0.06190933040614839,0.0375991218441267
-0.0679335161009524,0.050771949521322905,0.04919382941688486
0.020647698793770486,0.05693678416676537,0.03717014872935662
-0.047485926505085665,0.060522830336199936,-0.0520692728694314
-0.1066643803743028,0.07091037936267046,0.012124552352045473
-0.13136996681912225,0.08402230293247322,0.07618992915433706
-0.12879334782270954,0.0744471396413864,0.05123265543739789
-0.026202215455691055,0.018495611087778342,0.05763205585888278
0.04345249851866487,0.0012014023306340146,0.07156932648627304
0.03235165924276283,0.0021198106904229564,0.05073121380846479
-0.01879712525667648,0.0020832208858915235,-0.006274831328837287
-0.052428413763254716,0.025370363557671513,-0.010022116425016228
-0.0994126185899423,0.04288576920692006,-0.020709418986792336
-0.058559916782247236,0.05187447988904275,-0.014238418862690064
-0.054303592814371617,0.0484904191616768,-0.042567065868264066
-0.06535346582258282,0.07230747656062111,-0.0339208109624157
-0.10321294787220239,0.05530589186392452,0.0059878023541582205
-0.14177506148548877,0.08000348007870023,0.06790827594687546
-0.12965851330989406,0.07805313912606732,0.08119708689100966
-0.08828867295946491,0.06995530260966062,0.05264364242087688
